GeneName,AD name,Start,End,uniprotID,Sequence,Reference,Length
OTX2,Cterm,231,289,P32243,LNQSPASLSTQGYGASSLGFNSTTDCLDYKDQTASWKLNFNADCLDYKDQTSSWKFQVL,uniprot,59
CRX,Cterm,200,284,O43186,AFCSSPSAYGSPSSYFSGLDPYLSPMVPQLGGPALSPLSGPSVGPSLAQSPTSLSGQSYGAYSPVDSLEFKDPTGTWKFTYNPMD,Chen 2002 pg 873,85
VP16,Full,411,490,P06492,STAPPTDVSLGDELHLDGEDVAMAHADALDDFDLDMLGDGDSPGPGFTPHDSAPYGALDMADFEFEQMFTDALGIDEYGG,,80
VP16,H1,411,456,P06492,STAPPTDVSLGDELHLDGEDVAMAHADALDDFDLDMLGDGDSPGPG,,46
VP16,MVS N_C (acid blob library fragment,418,456,P06492,PTDVSLGDELHLDGEDVAMAHADALDDFDLDMLGDGDSP,,39
VP16,H2,457,490,P06492,FTPHDSAPYGALDMADFEFEQMFTDALGIDEYGG,,34
4-Oct,Nterm,1,137,Q01860,MAGHLASDFAFSPPPGGGGDGPGGPEPGWVDPRTWLSFQGPPGGPGIGPGVGPGSEVWGIPPCPPPYEFCGGMAYCGPQVGVGLVPQGGLETSQPEGEAGVGVESNSDGASPEPCTVTPGAVKLEKEKLEQNPEESQ,Brehm,137
4-Oct,Cterm,290,360,Q01860,SDYAQREDFEAAGSPFSGGPVSFPLAPGPHFGTPGYGSPHFTALYSSVPFPEGEAFPPVSVTTLGSPMHSN,Boija 2018,71
2-Oct,AD1,95,136,P09086,TGSQLAGDIQQLLQLQQLVLVPGHHLQPPAQFLLPQAQQSQP,Choi 2000 list,42
2-Oct,AD2,422,463,P09086,PPPATTNSTNPSPQGSHSAIGLSGLNPSTGPGLWWNPAPYQP,Choi 2000 list,42
STAT1,TAD,710,750,P42224,SEVHPSRLQTTDNLLPMSPEEFDEVSRIVGSVEFDSMMNTV,"Wojciak, J., Martinez-Yamout, M., Dyson, H., Wright, P. (2009). Structural basis for recruitment of CBP/p300 coactivators by STAT1 and STAT2 transactivation domains. The EMBO journal 28(7), 948 - 958. https://dx.doi.org/10.1038/emboj.2009.30",41
STAT3,TAD,719,764,P40763,SNTIDLPMSPRTLDSLMQFGNNGEGAEPSAGGQFESLTFDMELTSE,"Wojciak, J., Martinez-Yamout, M., Dyson, H., Wright, P. (2009). Structural basis for recruitment of CBP/p300 coactivators by STAT1 and STAT2 transactivation domains. The EMBO journal 28(7), 948 - 958. https://dx.doi.org/10.1038/emboj.2009.30",46
STAT4,TAD,702,748,Q14765,STIRSDSTEPHSPSDLLPMSPSVYAVLRENLSPTTIETAMKSPYSAE,"Wojciak, J., Martinez-Yamout, M., Dyson, H., Wright, P. (2009). Structural basis for recruitment of CBP/p300 coactivators by STAT1 and STAT2 transactivation domains. The EMBO journal 28(7), 948 - 958. https://dx.doi.org/10.1038/emboj.2009.30",47
STAT2,TAD,769,851,P52630,MVSQTVPEPDQGPVSQPVPEPDLPCDLRHLNTEPMEIFRNCVKIEEIMPNGDPLLAGQNTVDEVYVSRPSHFYTDGPLMPSDF,"Wojciak, J., Martinez-Yamout, M., Dyson, H., Wright, P. (2009). Structural basis for recruitment of CBP/p300 coactivators by STAT1 and STAT2 transactivation domains. The EMBO journal 28(7), 948 - 958. https://dx.doi.org/10.1038/emboj.2009.30",83
STAT2,TAD-NMR,786,838,P52630,VPEPDLPHDLRHLNTEPMEIFRNSVKIEEIMPNGDPLLAGQNTVDEVYVSRPS,"Lindström, I., Dogan, J. (2017). Native Hydrophobic Binding Interactions at the Transition State for Association between the TAZ1 Domain of CBP and the Disordered TAD-STAT2 Are Not a Requirement. Biochemistry 56(32), 4145-4153. https://dx.doi.org/10.1021/acs.biochem.7b00428",53
STAT5,TAD,722,794,P42229,DQAPSPAVCPQAPYNMYPQNPDHVLDQDGEFDLDETMDVARHVEELLRRPMDSLDSRLSPPAGLFTSARGSLS,Choi 2000 list,73
p53,AD1,1,40,P04637,MEEPQSDPSVEPPLSQETFSDLWKLLPENNVLSPLPSQAM,,40
p53,AD2,41,61,P04637,DDLMLSPDDIEQWFTEDPGPD,,21
p65,Cterm,521,551,P04637,PGLPNGLLSGDEDFSSIADMDFSALLSQISS,,31
p65,Cterm-NMR,521,551,P04637,GSPGYPNGLLSGDEDFSSIADMDFSALLSQISS,,31
CITED2,CITED2_N Acid blob library fragment,220,258,Q99967,TDFIDEEVLMSLVIEMGLDRIKELPELWLGQNEFDFMTD,MVS fragment,39
CITED2,Cterm,220,269,Q99967,TDFIDEEVLMSLVIEMGLDRIKELPELWLGQNEFDFMTDFVCKQQPSRVS,Berlow et al,50
ETV4/PEA3,Nterm,43,84,P43268,GSLPPLDSEDLFQDLSHFQETWLAEAQVPDSDEQFVPDFHSE,Henley et al,42
ETV5/ETV/PEA3/ERM,Nterm,38,68,P41161,DLAHDSEELFQDLSQLQEAWLAEAQVPDDEQ,Henley et al,31
ETV1/ER81,Nterm,38,69,P50549,DLAHDSEELFQDLSQLQETWLAEAQVPDNDEQ,Henley et al,32
Hif1a,Hif1-AD2_46 Acid blob library fragment,781,826,Q16665,RLLGQSMDESGLPQLTSYDCEVNAPIQGSRNLLQGEELLRALDQVN,,46
Hif1a,Cterm AD2,776,826,Q16665,SDLACRLLGQSMDESGLPQLTSYDCEVNAPIQGSRNLLQGEELLRALDQVN,Henley et al,51
Hif1a,Nterm AD1,531,575,Q16665,FKLELVEKLFAEDTEAKNPFSTQDTDLDLEMLAPYIPMDDDFQLR,uniprot,45
NRL,Nterm,30,93,P54845,GRPGPPTASLGSTPYSSVPPSPTFSEPGMVGATEGTRPGLEELYWLATLQQQLGAGEALGLSPE,PMID: 15328344,64
NRL,Minimal,40,74,P54845,GSTPYSSVPPSPTFSEPGMVGATEGTRPGLEELYW,,35
KMT2A/MLL1/CXXC7,Zinc,2885,2915,Q03164,SDDGNILPSDIMDFVLKNTPSMQALGESPES,Choi 2000 list,31
VDR,vitDreceptor,195,238,P11473,DMMDSSSFSNLDLSEEDSDDPSVTLELSQLSMLPHLADLVSYSI,Choi 2000 list OR uniprot. check,44
ATF6alpha,ATF6alpha,40,66,P18850,DTDELQLEAANETYENNFDNLDFDLDL,,27
c-Myb,LC1_N,275,313,P10242,PAAAAIQRHYNDEDPEKEKRIKELELLLMSTENELKGQQ,,39
c-Myb,full,275,327,P10242,PAAAAIQRHYNDEDPEKEKRIKELELLLMSTENELKGQQVLPTQNHTCSYPGW,,53
PDX-1,LC1_N,1,39,P52945,MNGEEQYYAATQLYKDPCAFQRGPAPEFSASPPACLYMG,,39
PDX1,full,1,79,P52945,MNGEEQYYAATQLYKDPCAFQRGPAPEFSASPPACLYMGRQPPPPPPHPFPGALGALEQGSPPDISPYEVPPLADDPAV,,79
CITE1/MSG1,LC1_N,145,183,Q99966,PAIIDSDPVDEEVLMSLVVELGLDRANELPELWLGQNEF,Mikko Taipali AND Choi 2000 list,39
CITE1/MSG1,full,145,193,Q99966,PAIIDSDPVDEEVLMSLVVELGLDRANELPELWLGQNEFDFTADFPSSC,Mikko Taipali AND Choi 2000 list,49
NCOA2,AD1,1010,1131,Q15596,GPSELEMNMGGPQYSQQQAPPNQTAPWPESILPIDQASFASQNRQPFGSSPDDLLCPHPAAESPSDEGALLDQLYLALRNFDGLEEIDRALGIPELVSQSQAVDPEQFSSQDSNIMLEQKAP,Vogel et al 1998,122
NCOA2,AD2,1288,1464,Q15596,NPRIPQANAQQFPFPPNYGISQQPDPGFTGATTPQSPLMSPRMAHTQSPMMQQSQANPAYQAPSDINGWAQGNMGGNSMFSQQSPPHFGQQANTSMYSNNMNINVSMATNTGGMSSMNQMTGQISMTSVTSVPTSGLSSMGPEQVNDPALRGGNLFPNQLPGMDMIKQEGDTTRKYC,Vogel et al 1998,177
NFAT1,,1,96,Q13469,MNAPERQPQPDGGDAPGHEPGGSPQDELDFSILFDYEYLNPNEEEPNAHKVASPPSGPAYPDDVMDYGLKPYSPLASLSGEPPGRFGEPDRVGPQK,Choi 2000 list,96
MyoD,AD1,3,99,P15172,LLSPPLRDVDLTAPDGSLCSFATTDDFYDDPCFDSPDLRFFEDLDPRLMHVGALLKPEEHSHFPAAVHPAPGAREDEHVRAPSGHHQAGRCLLWACK,Choi 2000 list,97
Beta-Catenin,Cterm,695,781,P35222,DLGLDIGAQGEPLGYRQDDPSYRSFHSGGYGQDALGMDPMMEHEMGGHHPGADYPVDGLPDLGHAQDLMDGLPPGDSNQLAWFDTDL,Choi 2000 list,87
ELF1,,1,87,P32519,MAAVVQQNDLVFEFASNVMEDERQLGDPAIFPAVIVEHVPGADILNSYAGLACVEEPNDMITESSLDVAEEEIIDDDDDDITLTVEA,Choi 2000 list,87
E2F-1,,373,437,Q01094,RLSPLVAADSLLEHVREDFSGLLPEEFISLSPPHEALDYHFGLEEGEGIRDLFDCDFGDLTPLDF,Choi 2000 list,65
TFE3,,212,333,P19532,ASQALTPPPGPASAQPLPAPEAAHTTGPTGSAPNSPMALLTIGSSSEKEIDDVIDEIISLESSYNDEMLSYLPGGTTGLQLPSTLPVSGNLLDVYSSQGVATPAITVSNSCPAELPNIKREI,Choi 2000 list,122
c-Jun/AP-1,AD2,238,257,P05412,ETPPLSPIDMESQERIKAER,Choi 2000 list,20
HSF-2,,472,536,Q03933,EVLSSVDKPIEVDELLDSSLDPEPTQSKLVRLEPLTEAEASEATLFYLCELAPAPLDSDMPLLDS,Choi 2000 list,65
PLAG1,,385,466,Q6DJT9,DPQIGSLDDGAGDLSLSKSSISISDPLNTPALDFSQLFNFIPLNGPPYNPLSVGSLGMSYSQEEAHSSVSQLPTQTQDLQDP,Choi 2000 list,82
RUNX1/AML1,,318,358,Q01196,SSRLSTAPDLTAFSDPRQFPALPSISDPRMHYPGAFTYSPT,Choi 2000 list,41
PAX2,,279,373,Q02962,ASEHIKSEQGNEYSLPALTPGLDEVKSSLSASTNPELGSNVSGTQTYPVVTGRDMASTTLPGYPPHVPPTGQGSYPTSTLAGMVPGSEFSGNPYS,Choi 2000 list,95
SOX9,,402,509,P48436,LSPSHYSEQQQHSPQQIAYSPFNLPHYSPSYPPITRSQYDYTDHQNSSSYYSHAAGQGTGLYSTFTYMNPAQRPMYTPIADTSGVPSIPQTHSPQHWEQPVYTQLTRP,Choi 2000 list,108
PAX5,,304,358,Q02548,GRDLASTTLPGYPPHVPPAGQGSYSAPTLTGMVPGSEFSGSPYSHPQYSSYNDSW,Choi 2000 list,55
ELK1,,376,404,P19419,IHFWSTLSPIAPRSPAKLSFQFPSSGSAQ,Choi 2000 list,29
ELK4/SAP1,,352,402,P28324,SLTPAFFSQTPIILTPSPLLSSIHFWSTLSPVAPLSPARLQGANTLFQFPS,Choi 2000 list,51
c-ETS1,,175,286,P14921,ILQKEDVKPYQVNGVNPAYPESRYTSDYFISYGIEHAQCVPPSEFSEPSFITESYQTLHPISSEELLSLKYENDYPSVILRDPLQTDTLQNDYFAIKQEVVTPDNMCMGRTS,Choi 2000 list,112
MEF2A,,274,373,Q02078,RVVIPPSSKGMMPPLSEEEELELNTQRISSSQATQPLATPVVSVTTPSLPPQGLVYSAMPTAYNTDYSLTSADLSALQGFNSPGMLSLGQVSAWQQHHLG,Choi 2000 list,100
TEAD1/TEF1,,2,45,P28347,EPSSWSGSESPAENMERMSDSADKPIDNDAEGVWSPDIEQSFQE,Choi 2000 list,44
TEAD1/TEF1,,143,204,P28347,PGIPRPTFPGAPGFWPGMIQTGQPGSSQDVKPFVQQAYPIQPAVTAPIPGFEPASAPAPSVP,Choi 2000 list,62
TEAD1/TEF1,,306,426,P28347,YGVTSQYESSENMTVTCSTKVCSFGKQVVEKVETEYARFENGRFVYRINRSPMCEYMINFIHKLKHLPEKYMMNSVLENFTILLVVTNRDTQETLLCMACVFEVSNSEHGAQHHIYRLVKD,Choi 2000 list,121
HNF1/TCF1/LFB1,1,281,318,P20823,LAMDTYSGPPPGPGPGPALPAHSSPGLPPPALSPSKVH,Choi 2000 list,38
HNF1/TCF1/LFB1,2,440,506,P20823,STQAQSVPVINSMGSSLTTLQPVQFSQPLHPSYQQPLMPPVQSHVTQSPFMATMAQLQSPHALYSHK,Choi 2000 list,67
HNF1/TCF1/LFB1,3,546,628,P20823,DTEASSESGLHTPASQATTLHVPSQDPAGIQHLQPAHRLSASPTVSSSSLVLYQSSDSSNGQSHLLPSNHSVIETFISTQMAS,Choi 2000 list,83
RBTN-2,,80,98,P25791,DPSEEPVDEVLQIPPSLLT,Choi 2000 list,19
ATF2/CREB2,,1,112,P15336,MKFKLHVNSARQYKDLWNMSDDKPFLCTAPGCGQRFTNEDHLAVHKHKHEMTLKFGPARNDSVIVADQTPTPTRFLKNCEEVGLFNELASPFENEFKKASEDDIKKMPLDLS,Choi 2000 list,112
HSF1,,371,430,Q00613,EKCLSVACLDKNELSDHLDAMDSNLDNLQTMLSSHGFSVDTSALLDLFSPSVTVPDMSLP,Choi 2000 list,60
XBP1/TREB5,,149,222,P17861,EAKGNEVRPVAGSAESAALRLRAPLQQVQAQLSPLQNISPWILAVLTLQIQSLISCWAFWTTWTQSCSSNALPQ,Choi 2000 list,74
PIT1/POU1F1/GHF1,,1,37,P28069,MSCQAFTSADTFIPLNSDASATLPLIMHHSAAECLPV,Choi 2000 list,37
FOXA2/HNF3B,,367,463,Q9Y261,EAHLKPEHHYAFNHPFSINNLMSSEQQHHHSHHHHQPHKMDLKAYEQVMHYPGYGSPMPGSLAMGPVTNKTGLDASPLAADTSYYQGVYSRPIMNSS,Choi 2000 list,97
SRF,,414,508,P11831,AVMYAPTSGLGDGSLTVLNAFSQAPSTMQVSHSQVQEPGGVPQVFLTASSGTVQIPVSAVQLHQMAVIGQQAGSSSNLTELQVVNLDTAHSTKSE,Choi 2000 list,95
MYC,,1,144,P01106,MPLNVSFTNRNYDLDYDSVQPYFYCDEEENFYQQQQQSELQPPAPSEDIWKKFELLPTPPLSPSRRSGLCSPSYVAVTPFSLRGDNDGGGGSFSTADQLEMVTELLGGDMVNQSFICDPDDETFIKNIIIQDCMWSGFSAAAKL,Choi 2000 list,144
MYC,,1,88,P01106,MPLNVSFTNRNYDLDYDSVQPYFYCDEEENFYQQQQQSELQPPAPSEDIWKKFELLPTPPLSPSRRSGLCSPSYVAVTPFSLRGDNDG,PMID: 22457068  PMCID: PMC3401448  DOI: 10.1093/nar/gks263,88
MYF6/MRF4,,10,30,P23409,SYFFYLDGENVTLQPLEVAEG,Choi 2000 list,21
FOSB,,226,338,P53539,YEEGPGPGPLAEVRDLPGSAPAKEDGFSWLLPPPPPPPLPFQTSQDAPPNLTASLFTHSEVQVLGDPFPVVNPSYTSSFVLTCPEVSAFAGAQRTSGSDQPSDPLNSPSLLAL,Choi 2000 list,113
SOX-2,,204,317,P48431,ALQYNSMTSSQTYMNGSPTYSMSYSQQGTPGMALGSMGSVVKSEASSSPPVVTSSSHSRAPCQAGDLRDMISMYLPGAEVPEPAAPSRLHMAQHYQSGPVPGTAINGTLPLSHM,Choi 2000 list,114
AP-2,,8,119,Q96CW1,TDNIKYEDCEDRHDGTSNGTARLPQLGTVGQSPYTSAPPLSHTPNADFQPPYFPPPYQPIYPQSQDPYSHVNDPYSLNPLHAQPQPQHPGWPGQRQSQESGLLHTHRGLPHQ,Choi 2000 list,112
PPARalpha,,15,44,Q07869,EAGDLESPLSEEFLQEMGNIQEISQSIGED,Choi 2000 list,30
ESX/ELF3,,129,159,P78545,TSSSSDELSWIIELLEKDGMAFQEALDPGPF,Choi 2000 list,31
GlucocorticoidReceptor,AD2,526,556,P04150,PQLTPTLVSLLEVIEPEVLYAGYDSSVPDST,Choi 2000 list,31
IRF1,,250,300,P10914,NVDGKGYLLNEPGVQPTSVYGDFSCKEEPEIDSPGGDIGLSLQRVFTDLKN,Choi 2000 list,51
NF-E2,,1,80,Q16621,MSPCPPQQSRNRVIQLSTSELGEMELTWQEIMSITELQGLNAPSEPSFEPQAPAPYLGPPPPTTYCPCSIHPDSGFPLPP,Choi 2000 list,80
KMT2A/ALL1/HRX,,2832,2886,Q03164,LKSDSDNNNSDDCGNILPSDIMDFVLKNTPSMQALGESPESSSSELLNLGEGLGL,Choi 2000 list,55
CEBPB,,24,124,P17676,MEVANFYYEADCLAAAYGGKAAPAAPPAARPGPRPPAGELGSIGDHERAIDFSPYLEPLGAPQAPAPATATDTFEAAPPAPAPAPASSGQHHDFLSDLFSD,Choi 2000 list,101
PU.1/SPI1,,13,90,P17947,VPPPSEDLVPYDTDLYQRQTHEYYPYLSSDGESHSDHYWDFHPHHVHSEFESFAENNFTELQSVQPPQLQQLYRHMEL,Choi 2000 list,78
CREB1,Qrich,151,238,P16220,ITTVTVPTPIYQTSSGQYIAITQGGAIQLANNGTDGVQGLQTLTMTNAAATQPGTTILQYAQTTDGQQILVPSNQVVVQAASGDVQTY,Choi 2000 list,88
SMAD4,,275,322,Q13485,PYTPNLPHHQNGHLQHHPPMPPHPGHYWPVHNELAFQPPISNHPAPEY,Choi 2000 list,48
MEIS1,,335,390,O00470,IDQSNRAVSQGTPYNPDGQPMGGFVMDGQQHMGIRAPGPMSGMGMNMGMEGQWHYM,R4TA_regions.txt,56
SOX12,,283,315,O15370,SHFEFPDYCTPEVTEMIAGDWRPSSIADLVFTY,R4TA_regions.txt,33
SOX11,,409,441,P35716,SHFEFPDYCTPELSEMIAGDWLEANFSDLVFTY,R4TA_regions.txt,33
ZXDA,,572,699,P98168,QDLLAQLEAANSLTPSSELTSQRQNDLSDAEIVSLFSDVPDSTSAALLDTALVNSGILTIDVASVSSTLAGHLPANNNNSVGQAVDPPSLMATSDPPQSLDTSLFFGTAATGFQQSSLNMDEVSSVSV,R4TA_regions.txt,128
ZXDB,,576,703,P98169,QDLLAQLEAANSLTPSSELTSQRQNDLSDAEIVSLFSDVPDSTSAALLDTALVNSGILTIDVASVSSTLAGHLPANNNNSVGQAVDPPSLMATSDPPQSLDTSLFFGTAATGFQQSSLNMDEVSSVSV,R4TA_regions.txt,128
POU4F2,,91,237,Q12837,CLPTPPSNIFGGLDESLLARAEALAAVDIVSQSKSHHHHPPHHSPFKPDATYHTMNTIPCTSAASSSSVPISHPSALAGTHHHHHHHHHHHHQPHQALEGELLEHLSPGLALGAMAGPDGAVVSTPAHAPHMATMNPMHQAALSMAH,R4TA_regions.txt,147
FOXC1,,1,51,Q12948,MQARYSVSSPNSLGVVPYLGGEQSYYRAAAAAAGGGYTAMPAPMSVYSHPA,R4TA_regions.txt,51
FOXC1,,466,553,Q12948,HQGRLTSWYLNQAGGDLGHLASAAAAAAAAGYPGQQQNFHSVREMFESQRIGLNNSPVNGNSSCQMAFPSSQSLYRTSGAFVYDCSKF,R4TA_regions.txt,88
NRF1,,301,476,Q16656,VPSQTVVQTFSNPDGTVSLIQVGTGATVATLADASELPTTVTVAQVNYSAVADGEVEQNWATLQGGEMTIQTTQASEATQAVASLAEAAVAASQEMQQGATVTMALNSEAAAHAVATLAEATLQGGGQIVLSGETAAAVGALTGVQDANGLVQIPVSMYQTVVTSLAQGNGPVQVA,R4TA_regions.txt,176
ZXDC,,579,688,Q2QGD7,DSPLVLGTAATVLQQGSFSVDDVQTVSAGALGCLVALPMKNLSDDPLALTSNSNLAAHITTPTSSSTPRENASVPELLAPIKVEPDSPSRPGAVGQQEGSHGLPQSTLPS,R4TA_regions.txt,110
CREB3L1,,1,60,Q96BA8,MDAVLEPFPADRLFPGSSFLDLGDLNESDFLNNAHFPEHLDHFTENMEDFSNDLFSSFFD,R4TA_regions.txt,60
DMTF1,,87,170,Q9Y222,VTMTATTEVADDEVTEGTVTQIQILQNEQLDEISPLGNEEVSAVSQAWFTTKEDKDSLTNKGHKWKQGMWSKEEIDILMNNIER,R4TA_regions.txt,84
DMTF1,,459,760,Q9Y222,AALQIPVQITHVSSADSPATVDSETITLNSGTLQTFEILPSFHLQPTGTPGTYLLQTSSSQGLPLTLTASPTVTLTAAAPASPEQIIVHALSPEHLLNTSDNVTVQCHTPRVIIQTVATEDITSSISQAELTVDSDIQSSDFPEPPDALEADTFPDEIHHPKMTVEPSFNDAHVSKFSDQNSTELMNSVMVRTEEEISDTDLKQEESPSDLASAYVTEGLESPTIEEQVDQTIDDETILIVPSPHGFIQASDVIDTESVLPLTTLTDPILQHHQEESNIIGSSLGSPVSEDSKDVEDLVNCH,R4TA_regions.txt,302
NFATC1,,126,218,O95644,LGLYHNNNQFFHDVEVEDVLPSSKRSPSTATLSLPSLEAYRDPSCLSPASSLSSRSCNSEASSYESNYSYPYASPQTSPWQSPCVSPKTTDPE,TAD_regions.txt,93
NFATC1,,703,943,O95644,TEPTDDYEPAPTCGPVSQGLSPLPRPYYSQQLAMPPDPSSCLVAGFPPCPQRSTLMPAAPGVSPKLHDLSPAAYTKGVASPGHCHLGLPQPAGEAPAVQDVPRPVATHPGSPGQPPPALLPQQVSAPPSSSCPPGLEHSLCPSSPSPPLPPATQEPTCLQPCSPACPPATGRPQHLPSTVRRDESPTAGPRLLPEVHEDGSPNLAPIPVTVKREPEELDQLYLDDVNEIIRNDLSSTSTHS,TAD_regions.txt,241
SPIB,,1,31,Q01892,MLALEAAQLDGPHFSCLYPDGVFYDLDSCKH,TAD_regions.txt,31
SPIB,,41,61,Q01892,PDSLWDWTVAPPVPATPYEAF,TAD_regions.txt,21
NFATC2,,119,199,Q13469,HELIQAVGPLRMRDAGLLVEQPPLAGVAASPRFTLPVPGFEGYREPLCLSPASSGSSASFISDTFSPYTSPCVSPNNGGPD,TAD_regions.txt,81
HIF1A,,786,826,Q16665,SMDESGLPQLTSYDCEVNAPIQGSRNLLQGEELLRALDQVN,TAD_regions.txt,41
EPAS1,,496,542,Q99814,LKIEVIEKLFAMDTEAKDQCSTQTDFNELDLETLAPYIPMDGEDFQL,TAD_regions.txt,47
EPAS1,,830,870,Q99814,SFESYLLPELTRYDCEVNVPVLGSSTLLQGGDLLRALDQAT,TAD_regions.txt,41
HIF3A,,454,506,Q9Y2N7,VGTENVHRLFTSGKDTEAVETDLDIAQDADALDLEMLAPYISMDDDFQLNASE,TAD_regions.txt,53
E2F3,,391,465,O00716,SVSMGNLSPLASPANLLQQTEDQIPSNLEGPFVNLLPPLLQEDYLLSLGEEEGISDLFDAYDLEKLPLVEDFMCS,activation_regions.txt,75
MEIS2,,340,477,O14770,DQSNRAGFLLDPSVSQGAAYSPEGQPMGSFVLDGQQHMGIRPAGLQSMPGDYVSQGGPMGMSMAQPSYTPPQMTPHPTQLRHGPPMHSYLPSHPHHPAMMMHGGPPTHPGMTMSAQSPTMLNSVDPNVGGQVMDIHAQ,activation_regions.txt,138
TFEC,,1,119,O14948,MTLDHQIINPTLKWSQPAVPSGGPLVQHAHTTLDSDAGLTENPLTKLLAIGKEDDNAQWHMEDVIEDIIGMESSFKEEGADSPLLMQRTLSGSILDVYSGEQGISPINMGLTSASCPSS,activation_regions.txt,119
TFEC,,271,347,O14948,PSPELCDQAIAFSDPLSYFTDLSFSAALKEEQRLDGMLLDDTISPFGTDPLLSATSPAVSKESSRRSSFSSDDGDEL,activation_regions.txt,77
TP73,,1,46,O15350,MAQSTATSPDGGTTFEHLWSSLEPDSTYFDLPQSSRGNNEVVGGTD,activation_regions.txt,46
YY2,,32,102,O15391,MEDIPTESVQYEDVDGNWIYGGHNHPPLMVLQPLFTNTGYGDHDQEMLMLQTQEEVVGYCDSDNQLGNDLE,activation_regions.txt,71
CREB3,,1,92,O43889,MELELDAGDQDLLAFLLEESGDLGTAPDEAVRAPLDWALPLSEVPSDWEVDDLLCSLLSPPASLNILSSSNPCLVHHDHTYSLPRETVSMDL,activation_regions.txt,92
MITF,,224,295,O75030,DDVIDDIISLESSYNEEILGLMDPALQMANTLPVSGNLIDLYGNQGLPPPGLTISNSCPANLPNIKRELTAC,activation_regions.txt,72
ZIC2,,100,255,O95409,PHAAHVGSYSGPPFNSTRDFLFRSRGFGDSAPGGGQHGLFGPGAGGLHHAHSDAQGHLLFPGLPEQHGPHGSQNVLNGQMRLGLPGEVFGRSEQYRQVASPRTDPYSAAQLHNQYGPMNMNMGMNMAAAAAHHHHHHHHHPGAFFRYMRQQCIKQE,activation_regions.txt,156
EOMES,,571,686,O95936,AMAGWGGRGSYQRKMAAGLPWTSRTSPTVFSEDQLSKEKVKEEIGSSWIETPPSIKSLDSNDSGVYTSACKRRRLSPSNSSNENSPSIKCEDINAEEYSKDTSKGMGGYYAFYTTP,activation_regions.txt,116
FOS,,139,159,P01100,KRRIRRERNKMAAAKCRNRRR,activation_regions.txt,21
ESR1,,1,184,P03372,MTMTLHTKASGMALLHQIQGNELEPLNRPQLKIPLERPLGEVYLDSSKPAVYNYPEGAAYEFNAAAAANAQVYGQTGLPYGPGSEAAAFGSNGLGGFPPLNSVSPSPLMLLHPPPQLSPFLQPHGQQVPYYLENEPSGYTVREAGPPAFYRPNSDNRRQGGRERLASTNDKGSMAMESAKETRY,activation_regions.txt,184
ESR1,,311,595,P03372,TADQMVSALLDAEPPILYSEYDPTRPFSEASMMGLLTNLADRELVHMINWAKRVPGFVDLTLHDQVHLLECAWLEILMIGLVWRSMEHPGKLLFAPNLLLDRNQGKCVEGMVEIFDMLLATSSRFRMMNLQGEEFVCLKSIILLNSGVYTFLSSTLKSLEEKDHIHRVLDKITDTLIHLMAKAGLTLQQQHQRLAQLLLILSHIRHMSNKGMEHLYSMKCKNVVPLYDLLLEMLDAHRLHAPTSRGGASVEETDQSHLATAGSTSSHSLQKYYITGEAEGFPATV,activation_regions.txt,285
TP53,,1,44,P04637,MEEPQSDPSVEPPLSQETFSDLWKLLPENNVLSPLPSQAMDDLM,activation_regions.txt,44
PGR,,1,164,P06401,MTELKAKGPRAPHVAGGPPSPEVGSPLLCRPAAGPFPGSQTSDTLPEVSAIPISLDGLLFPRPCQGQDPSDEKTQDQQSLSDVEGAYSRAEATRGAGGSSSSPPEKDSGLLDSVLDTLLAPSGPGQSQPSPPACEVTSSWCLFGPELPEDPPAAPATQRVLSPL,activation_regions.txt,164
PGR,,456,546,P06401,STLECILYKAEGAPPQQGPFAPPPCKAPGASGCLLPRDGLPSTSASAAAAGAAPALYPALGLNGLPQLGYQAAVLKEGLPQVYPPYLNYLR,activation_regions.txt,91
PGR,,687,933,P06401,LINLLMSIEPDVIYAGHDNTKPDTSSSLLTSLNQLGERQLLSVVKWSKSLPGFRNLHIDDQITLIQYSWMSLMVFGLGWRSYKHVSGQMLYFAPDLILNEQRMKESSFYSLCLTMWQIPQEFVKLQVSQEEFLCMKVLLLLNTIPLEGLRSQTQFEEMRSSYIRELIKAIGLRQKGVVSSSQRFYQLTKLLDNLHDLVKQLHLYCLNTFIQSRALSVEFPEMMSEVIAAQLPKILAGMVKPLLFHKK,activation_regions.txt,247
SP1,,146,251,P08047,QYVVAAAPNLQNQQVLTGLPGVMPNIQYQVIPQFQTVDGQQLQFAATGAQVQQDGSGQIQIIPGANQQIITNRGSGGNIIAAMPNLLQQAVPLQGLANNVLSGQTQ,activation_regions.txt,106
SP1,,261,495,P08047,NGNITLLPVNSVSAATLTPSSQAVTISSSGSQESGSQPVTSGTTISSASLVSSQASSSSFFTNANSYSTTTTTSNMGIMNFTTSGSSGTNSQGQTPQRVSGLQGSDALNIQQNQTSGGSLQAGQQKEGEQNQQTQQQQILIQPQLVQGGQALQALQAAPLSGQTFTTQAISQETLQNLQLQAVPNSGPIIIRTPTVGPNGQVSWQTLQLQNLQVQNPQAQTITLAPMQGVSLGQT,activation_regions.txt,235
SP1,,496,610,P08047,SSSNTTLTPIASAASIPAGTVTVNAAQLSSMPGLQTINLSALGTSGIQVHPIQGLPLAIANAPGDHGAQLGLHGAGGDGIHDDTAGGEEGENSPDAQPQAGRRTRREACTCPYCK,activation_regions.txt,115
MYBL1,,230,295,P10243,IPGYQYVSPEGNCIEHVQPTSAFIQQPFIDEDPDKEKKIKELEMLLMSAENEVRRKRIPSQPGSFS,activation_regions.txt,66
ETS1,,130,243,P14921,EILQKEDVKPYQVNGVNPAYPESRYTSDYFISYGIEHAQCVPPSEFSEPSFITESYQTLHPISSEELLSLKYENDYPSVILRDPLQTDTLQNDYFAIKQEVVTPDNMCMGRTSR,activation_regions.txt,114
ZNF16,,62,210,P17020,YQQPDCDTRTEDKEFLHKEDIHEDLESQAEISENYAGDVSQVPELGDLCDDVSERDWGVPEGRRLPQSLSQEGDFTPAAMGLLRGPLGEKDLDCNGFDSRFSLSPNLMACQEIPTEERPHPYDMGGQSFQHSVDLTGHEGVPTAESPLI,activation_regions.txt,149
ATF7,,1,296,P17544,MGDDRPFVCNAPGCGQRFTNEDHLAVHKHKHEMTLKFGPARTDSVIIADQTPTPTRFLKNCEEVGLFNELASSFEHEFKKAADEDEKKARSRTVAKKLVAAAGPLDMSLPSTPDIKIKEEEPVEVDSSPPDSPASSPCSPPLKEKEVTPKPVLISTPTPTIVRPGSLPLHLGYDPLHPTLPSPTSVITQAPPSNRQMGSPTGSLPLVMHLANGQTMPVLPGPPVQMPSVISLARPVSMVPNIPGIPGPPVNSSGSISPSGHPIPSEAKMRLKATLTHQVSSINGGCGMVVGTASTM,activation_regions.txt,296
ATF6,,1,150,P18850,MGEPAGVAGTMESPFSPGLFHRLDEDWDSALFAELGYFTDTDELQLEAANETYENNFDNLDFDLDLMPWESDIWDINNQICTVKDIKAEPQPLSPASSSYSVSSPRSVDSYSSTQHVPEELDLSSSSQMSPLSLYGENSNSLSSAEPLKE,activation_regions.txt,150
TFEB,,156,165,P19484,ELDDVIDNIM,activation_regions.txt,10
TFE3,,260,271,P19532,EIDDVIDEIISL,activation_regions.txt,12
NR1D1,,49,284,P20393,PTYFPPSPTGSLTQDPARSFGSIPPSLSDDGSPSSSSSSSSSSSSFYNGSPPGSLQVAMEDSSRVSPSKSTSNITKLNGMVLLCKVCGDVASGFHYGVHACEGCKGFFRRSIQQNIQYKRCLKNENCSIVRINRNRCQQCRFKKCLSVGMSRDAVRFGRIPKREKQRMLAEMQSAMNLANNQLSSQCPLETSPTQHPTPGPMGPSPPPAPVPSPLVGFSQFPQQLTPPRSPSPEPT,activation_regions.txt,236
YY1,,371,397,P25490,RTHVRIHTGDRPYVCPFDGCNKKFAQS,activation_regions.txt,27
TEAD1,,167,426,P28347,GSSQDVKPFVQQAYPIQPAVTAPIPGFEPASAPAPSVPAWQGRSIGTTKLRLVEFSAFLEQQRDPDSYNKHLFVHIGHANHSYSDPLLESVDIRQIYDKFPEKKGGLKELFGKGPQNAFFLVKFWADLNCNIQDDAGAFYGVTSQYESSENMTVTCSTKVCSFGKQVVEKVETEYARFENGRFVYRINRSPMCEYMINFIHKLKHLPEKYMMNSVLENFTILLVVTNRDTQETLLCMACVFEVSNSEHGAQHHIYRLVKD,activation_regions.txt,260
SOX18,,166,231,P35713,RRLEPGLLLPGLAPPQPPPEPFPAASGSARAFRELPPLGAEFDGLGLPTPERSPLDGLEPGEAAFF,activation_regions.txt,66
SREBF1,,1,60,P36956,MDEPPFSEAALEQALGEPCDLDAALLTDIEDMLQLINNQDSDFPGLFDPPYAGSGAGGTD,activation_regions.txt,60
SOX9,,224,307,P48436,PGEHSGQSQGPPTPPTTPKTDVQPGKADLKREGRPLPEGGRQPPIDFRDVDIGELSSDVISNIETFDVNEFDQYLPPNGHPGVP,activation_regions.txt,84
SOX9,,394,509,P48436,RTHIKTEQLSPSHYSEQQQHSPQQIAYSPFNLPHYSPSYPPITRSQYDYTDHQNSSSYYSHAAGQGTGLYSTFTYMNPAQRPMYTPIADTSGVPSIPQTHSPQHWEQPVYTQLTRP,activation_regions.txt,116
CEBPA,,182,198,P49715,QPPPPPPPSHPHPHPPP,activation_regions.txt,17
PDX1,,13,73,P52945,LYKDPCAFQRGPAPEFSASPPACLYMGRQPPPPPPHPFPGALGALEQGSPPDISPYEVPPL,activation_regions.txt,61
SOX10,,228,310,P56693,PEHPSGQSHGPPTPPTTPKTELQSGKADPKRDGRSMGEGGKPHIDFGNVDIGEISHEVMSNMETFDVAELDQYLPPNGHPGHV,activation_regions.txt,83
SOX10,,353,466,P56693,KAQVKTETAGPQGPPHYTDQPSTSQIAYTSLSLPHYGSAFPSISRPQFDYSDHQPSGPYYGHSGQASGLYSAFSYMGPSQRPLYTAISDPSPSGPQSHSPTHWEQPVYTTLSRP,activation_regions.txt,114
SOX8,,224,298,P57073,PPTPPTTPKTELQQAGAKPELKLEGRRPVDSGRQNIDFSNVDISELSSEVMGTMDAFDVHEFDQYLPLGGPAPPE,activation_regions.txt,75
SOX8,,335,446,P57073,RPHIKTEQPSPGHYGDQPRGSPDYGSCSGQSSATPAAPAGPFAGSQGDYGDLQASSYYGAYPGYAPGLYQYPCFHSPRRPYASPLLNGLALPPAHSPTSHWDQPVYTTLTRP,activation_regions.txt,112
HSF1,,371,529,Q00613,EKCLSVACLDKNELSDHLDAMDSNLDNLQTMLSSHGFSVDTSALLDLFSPSVTVPDMSLPDLDSSLASIQELLSPQEPPRPPEAENSSPDSGKQLVHYTAQPLFLLDPGSVDTGSNDLPVLFELGEGSYFSEGDGFAEDPTISLLTGSEPPKAKDPTVS,activation_regions.txt,159
E2F1,,368,437,Q01094,PVDEDRLSPLVAADSLLEHVREDFSGLLPEEFISLSPPHEALDYHFGLEEGEGIRDLFDCDFGDLTPLDF,activation_regions.txt,70
SP3,,138,237,Q02447,QYVLPLQNLQNQQIFSVAPGSDSSNGTVSSVQYQVIPQIQSADGQQVQIGFTGSSDNGGINQESSQIQIIPGSNQTLLASGTPSANIQNLIPQTGQVQVQ,activation_regions.txt,100
SP3,,350,499,Q02447,QQNTNSLTTSSGQVHSSDLQGNYIQSPVSEETQAQNIQVSTAQPVVQHLQLQESQQPTSQAQIVQGITPQTIHGVQASGQNISQQALQNLQLQLNPGTFLIQAQTVTPSGQVTWQTFQVQGVQNLQNLQIQNTAAQQITLTPVQTLTLGQ,activation_regions.txt,150
RELA,,342,389,Q04206,PKPAPQPYPFTSSLSTINYDEFPTMVFPSGQISQASALAPAPPQVLPQ,activation_regions.txt,48
RELA,,415,476,Q04206,PGPPQAVAPPAPKPTQAGEGTLSEALLQLQFDDEDLGALLGNSTDPAVFTDLASVDNSEFQQ,activation_regions.txt,62
RELA,,520,551,Q04206,APGLPNGLLSGDEDFSSIADMDFSALLSQISS,activation_regions.txt,32
SREBF2,,1,50,Q12772,MDDSGELGGLETMETLTELGDELTLGDIDEMLQFVSNQVGEFPDLFSEQL,activation_regions.txt,50
NR1H3,,1,96,Q13133,MSLWLGAPVPDIPPDSAVELWKPGAQDASSQAQGGSSCILREEARMPHSAGGTAGVGLEAAEPTALLTRAEPPSEPTEIRPQKRKKGPAPKMLGNE,activation_regions.txt,96
NR1H3,,205,447,Q13133,QLSPEQLGMIEKLVAAQQQCNRRSFSDRLRVTPWPMAPDPHSREARQQRFAHFTELAIVSVQEIVDFAKQLPGFLQLSREDQIALLKTSAIEVMLLETSRRYNPGSESITFLKDFSYNREDFAKAGLQVEFINPIFEFSRAMNELQLNDAEFALLIAISIFSADRPNVQDQLQVERLQHTYVEALHAYVSIHHPHDRLMFPRMLMKLVSLRTLSSVHSEQVFALRLQDKKLPPLLSEIWDVHE,activation_regions.txt,243
E2F2,,359,437,Q14209,APPPPSLVPLEATDSLLELPHPLLQQTEDQFLSPTLACSSPLISFSPSLDQDDYLWGLEAGEGISDLFDSYDLGDLLIN,activation_regions.txt,79
E2F5,,287,346,Q15329,TSATDISSAGSISGDIIDELMSSDVFPLLRLSPTPADDYNFNLDDNEGVCDLFDVQILNY,activation_regions.txt,60
TEAD2,,172,447,Q15562,WNVPDVKPFSQTPFTLSLTPPSTDLPGYEPPQALSPLPPPTPSPPAWQARGLGTARLQLVEFSAFVEPPDAVDSYQRHLFVHISQHCPSPGAPPLESVDVRQIYDKFPEKKGGLRELYDRGPPHAFFLVKFWADLNWGPSGEEAGAGGSISSGGFYGVSSQYESLEHMTLTCSSKVCSFGKQVVEKVETERAQLEDGRFVYRLLRSPMCEYLVNFLHKLRQLPERYMMNSVLENFTILQVVTNRDTQELLLCTAYVFEVSTSERGAQHHIYRLVRD,activation_regions.txt,276
TWIST1,,161,191,Q15672,QVLQSDELDSKMASCSYVAHERLSYAFSVWR,activation_regions.txt,31
ALX1,,192,326,Q15699,RYGQIQQAKSHFAATYDISVLPRTDSYPQIQNNLWAGNASGGSVVTSCMLPRDTSSCMTPYSHSPRTDSSYTGFSNHQNQFSHVPLNNFFTDSLLTGATNGHAFETKPEFERRSSSIAVLRMKAKEHTANISWAM,activation_regions.txt,135
E2F4,,337,413,Q16254,PIKADPTGVLELPKELSEIFDPTRECMSSELLEELMSSEVFAPLLRLSPPPGDHDYIYNLDESEGVCDLFDVPVLNL,activation_regions.txt,77
NFE2,,1,206,Q16621,MSPCPPQQSRNRVIQLSTSELGEMELTWQEIMSITELQGLNAPSEPSFEPQAPAPYLGPPPPTTYCPCSIHPDSGFPLPPPPYELPASTSHVPDPPYSYGNMAIPVSKPLSLSGLLSEPLQDPLALLDIGLPAGPPKPQEDPESDSGLSLNYSDAESLELEGTEAGRRRSEYVEMYPVEYPYSLMPNSLAHSNYTLPAAETPLALE,activation_regions.txt,206
ZNF326,,1,124,Q5BKZ1,MDFEDDYTHSACRNTYQGFNGMDRDYGPGSYGGMDRDYGHGSYGGQRSMDSYLNQSYGMDNHSGGGGGSRFGPYESYDSRSSLGGRDLYRSGYGFNEPEQSRFGGSYGGRFESSYRNSLDSFGG,activation_regions.txt,124
HIVEP3,,211,1074,Q5T1R4,IRSHTGERPYPCGPCGFSFKTKSNLYKHRKSHAHRIKAGLASGMGGEMYPHGLEMERIPGEEFEEPTEGESTDSEEETSATSGHPAELSPRPKQPLLSSGLYSSGSHSSSHERCSLSQSSTAQSLEDPPPFVEPSSEHPLSHKPEDTHTIKQKLALRLSERKKVIDEQAFLSPGSKGSTESGYFSRSESAEQQVSPPNTNAKSYAEIIFGKCGRIGQRTAMLTATSTQPLLPLSTEDKPSLVPLSVPRTQVIEHITKLITINEAVVDTSEIDSVKPRRSSLSRRSSMESPKSSLYREPLSSHSEKTKPEQSLLSLQHPPSTAPPVPLLRSHSMPSAACTISTPHHPFRGSYSFDDHITDSEALSHSSHVFTSHPRMLKRQPAIELPLGGEYSSEEPGPSSKDTASKPSDEVEPKESELTKKTKKGLKTKGVIYECNICGARYKKRDNYEAHKKYYCSELQIAKPISAGTHTSPEAEKSQIEHEPWSQMMHYKLGTTLELTPLRKRRKEKSLGDEEEPPAFESTKSQFGSPGPSDAARNLPLESTKSPAEPSKSVPSLEGPTGFQPRTPKPGSGSESGKERRTTSKEISVIQHTSSFEKSDSLEQPSGLEGEDKPLAQFPSPPPAPHGRSAHSLQPKLVRQPNIQVPEILVTEEPDRPDTEPEPPPKEPEKTEEFQWPQRSQTLAQLPAEKLPPKKKRLRLAEMAQSSGESSFESSVPLSRSPSQESNVSLSGSSRSASFERDDHGKAEAPSPSSDMRPKPLGTHMLTVPSHHPHAREMRRSASEQSPNVSHSAHMTETRSKSFDYGSLSLTGPSAPAPVAPPARVAPPERRKCFLVRQASLSRPPESELEVAPKGRQESEEPQP,activation_regions.txt,864
GRHL2,,1,93,Q6ISB3,MSQESDNNKRLVALVPMPSDPPFNTRRAYTSEDEAWKSYLENPLTAATKAMMSINGDEDSAAALGLLYDYYKVPRDKRLLSVSKASDSQEDQE,activation_regions.txt,93
NANOGP8,,196,240,Q6NSW7,WSNQTWNNSTWSNQTQNIQSWSNHSWNTQTWCTQSWNNQAWNSPF,activation_regions.txt,45
NANOGP8,,241,305,Q6NSW7,YNCGEESLQSCMHFQPNSPASDLEAALEAAGEGLNVIQQTTRYFSTPQTMDLFLNYSMNMQPEDV,activation_regions.txt,65
GRHL3,,30,95,Q8TE85,EAWKTYLENPLTAATKAMMRVNGDDDSVAALSFLYDYYMGPKEKRILSSSTGGRNDQGKRYYHGME,activation_regions.txt,66
NR4A3,,1,108,Q92570,MPCVQAQYSPSPPGSSYAAQTYSSEYTTEIMNPDYTKLTMDLGSTEITATATTSLPSISTFVEGYSSNYELKPSCVYQMQRPLIKVEEGRAPSYHHHHHHHHHHHHHH,activation_regions.txt,108
ZNF516,,1,431,Q92618,MDRNREAEMELRRGPSPTRAGRGHEVDGDKATCHTCCICGKSFPFQSSLSQHMRKHTGEKPYKCPYCDHRASQKGNLKIHIRSHRTGTLIQGHEPEAGEAPLGEMRASEGLDACASPTKSASACNRLLNGASQADGARVLNGASQADSGRVLLRSSKKGAEGSACAPGEAKAAVQCSFCKSQFERKKDLELHVHQAHKPFKCRLCSYATLREESLLSHIERDHITAQGPGSGEACVENGKPELSPGEFPCEVCGQAFSQTWFLKAHMKKHRGSFDHGCHICGRRFKEPWFLKNHMKAHGPKTGSKNRPKSELDPIATINNVVQEEVIVAGLSLYEVCAKCGNLFTNLDSLNAHNAIHRRVEASRTRAPAEEGAEGPSDTKQFFLQCLNLRPSAAGDSCPGTQAGRRVAELDPVNSYQAWQLATRGKVAEPA,activation_regions.txt,431
ZNF641,,171,265,Q96N77,PDPQDLEERDILRVTYTGDGSEHEGDTPELEAEPPRMLSSVSEDTVLWNPEHDESWDSMPSSSRGMLLGPPFLQEDSFSNLLCSTEMDSLLRPHT,activation_regions.txt,95
TEAD3,,173,435,Q99594,GPSQDIKPFAQPAYPIQPPLPPTLSSYEPLAPLPSAAASVPVWQDRTIASSRLRLLEYSAFMEVQRDPDTYSKHLFVHIGQTNPAFSDPPLEAVDVRQIYDKFPEKKGGLKELYEKGPPNAFFLVKFWADLNSTIQEGPGAFYGVSSQYSSADSMTISVSTKVCSFGKQVVEKVETEYARLENGRFVYRIHRSPMCEYMINFIHKLKHLPEKYMMNSVLENFTILQVVTSRDSQETLLVIAFVFEVSTSEHGAQHHVYKLVKD,activation_regions.txt,263
ATF6B,,2,86,Q99941,AELMLLSEIADPTRFFTDNLLSPEDWGLQNSTLYSGLDEVAEEQTQLFRCPEQDVPFDGSSLDVGMDVSPSEPPWELLPIFPDLQ,activation_regions.txt,85
HINFP,,374,407,Q9BQA5,SGHPRFRYKEHEDGYMRLQLVRYESVELTQQLLR,activation_regions.txt,34
GLIS2,,71,137,Q9BZE0,GRFSAAPLVDLSLSPPSGLDSPNGSSSLSPERQGNGDLPPVPSASDFQPLRYLDGVPSSFQFFLPLG,activation_regions.txt,67
TP63,,1,107,Q9H3D4,MNFETSRCATLQYCPDPYIQRFVETPAHFSWKESYYRSTMSQSTQTNEFLSPEVFQHIWDFLEQPICSVQPIDLNFVDEPSEDGATNKIEISMDCIRMQDSDLSDPM,activation_regions.txt,107
TP63,,610,680,Q9H3D4,FSSPSHLLRTPSSASTVSVGSSETRGERVIDAVRFTLRQTISFPPRDEWNDFNFDMDARRNKQQRIKEEGE,activation_regions.txt,71
NANOG,,241,305,Q9H9S0,YNCGEESLQSCMQFQPNSPASDLEAALEAAGEGLNVIQQTTRYFSTPQTMDLFLNYSMNMQPEDV,activation_regions.txt,65
MLXIP,,322,445,Q9HAP2,NLDFMDTFEPFQDLFSSSRSIFGSMLPASASAPVPDPNNPPAQESILPTTALPTVSLPDSLIAPPTAPSLAHMDEQGCEHTSRTEDPFIQPTDFGPSEPPLSVPQPFLPVFTMPLLSPSPAPPP,activation_regions.txt,124
TCF7L2,,459,505,Q9NQB0,SAPKKCRARFGLDQQNNWCGPCRRKKKCVRYIQGEGSCLSPPSSDGS,activation_regions.txt,47
GRHL1,,1,91,Q9NZI5,MTQEYDNKRPVLVLQNEALYPQRRSYTSEDEAWKSFLENPLTAATKAMMSINGDEDSAAALGLLYDYYKVPRERRSSTAKPEVEHPEPDHS,activation_regions.txt,91
DUX4,,327,424,Q9UBX2,AGAAPPPQPAPPDASASARQGQMQGIPAPSQALQEPAPWSALPCGLLLDELLASPEFLQQAQPLLETEAPGELEASEEAASLEAPLSEEEYRALLEEL,activation_regions.txt,98
DUX4,,405,424,Q9UBX2,AASLEAPLSEEEYRALLEEL,activation_regions.txt,20
AKAP8L,,1,268,Q9ULX6,MSYTGFVQGSETTLQSTYSDTSAQPTCDYGYGTWNSGTNRGYEGYGYGYGYGQDNTTNYGYGMATSHSWEMPSSDTNANTSASGSASADSVLSRINQRLDMVPHLETDMMQGGVYGSGGERYDSYESCDSRAVLSERDLYRSGYDYSELDPEMEMAYEGQYDAYRDQFRMRGNDTFGPRAQGWARDARSGRPMASGYGRMWEDPMGARGQCMSGASRLPSLFSQNIIPEYGMFQGMRGGGAFPGGSRFGFGFGNGMKQMRRTWKTWTT,activation_regions.txt,268
FOXA2,,14,93,Q9Y261,DWSSYYAEPEGYSSVSNMNAGLGMNGMNTYMSMSAAAMGSGSGNMSAGSMNMSSYVGAGMSPSLAGMSPGAGAMAGMGGS,activation_regions.txt,80
ESRRB,,203,433,O95718,PPAKKPLTKIVSYLLVAEPDKLYAMPPPGMPEGDIKALTTLCDLADRELVVIIGWAKHIPGFSSLSLGDQMSLLQSAWMEILILGIVYRSLPYDDKLVYAEDYIMDEEHSRLAGLLELYRAILQLVRRYKKLKVEKEEFVTLKALALANSDSMYIEDLEAVQKLQDLLHEALQDYELSQRHEEPWRTGKLLLTLPLLRQTAAKAVQHFYSVKLQGKVPMHKLFLEMLEAKV,transcriptionalactivity_regions.txt,231
NR3C1,,98,115,P04150,MGNDLGFPQQGQISLSSG,transcriptionalactivity_regions.txt,18
AHR,,118,126,P35869,LLQALNGFV,transcriptionalactivity_regions.txt,9
AHR,,266,268,P35869,FAI,transcriptionalactivity_regions.txt,3
AHCTF1,,1446,1698,Q8WYP5,RANDNKSMADVLGDGGNSSLTISEGPIVSERRLNQEVALNLKEDHEVEVGVLKESVDLPEEKLPISDSPPDTQEIHVIEQEKLEAQDSGEEARNLSFNELYPSGTLKLQYNFDTIDQQFCDLADNKDTAECDIAEVDGELFVAQSNFTLILEGEEGEVEPGDFASSDVLPKAANTATEEKLVCSGENDNHGQIANLPSAVTSDQKSQKVDTLPYVPEPIKVAIAENLLDVIKDTRSKEITSDTMEQSIHETIP,transcriptionalactivity_regions.txt,253